id,lat,lon,name
n0000,31.420000,74.200000,1st Avenue & A Boulevard
n0001,31.420000,74.207000,1st Avenue & B Lane
n0002,31.420000,74.214000,1st Avenue & C Lane
n0003,31.420000,74.221000,1st Avenue & D Lane
n0004,31.420000,74.228000,1st Avenue & E Lane
n0005,31.420000,74.235000,1st Avenue & F Boulevard
n0006,31.420000,74.242000,1st Avenue & G Lane
n0007,31.420000,74.249000,1st Avenue & H Lane
n0008,31.420000,74.256000,1st Avenue & I Lane
n0009,31.420000,74.263000,1st Avenue & J Lane
n0010,31.420000,74.270000,1st Avenue & K Boulevard
n0011,31.420000,74.277000,1st Avenue & L Lane
n0012,31.420000,74.284000,1st Avenue & M Lane
n0013,31.420000,74.291000,1st Avenue & N Lane
n0014,31.420000,74.298000,1st Avenue & O Lane
n0015,31.420000,74.305000,1st Avenue & P Boulevard
n0016,31.420000,74.312000,1st Avenue & Q Lane
n0017,31.420000,74.319000,1st Avenue & R Lane
n0018,31.420000,74.326000,1st Avenue & S Lane
n0019,31.420000,74.333000,1st Avenue & T Lane
n0020,31.420000,74.340000,1st Avenue & U Boulevard
n0021,31.420000,74.347000,1st Avenue & V Lane
n0022,31.420000,74.354000,1st Avenue & W Lane
n0023,31.420000,74.361000,1st Avenue & X Lane
n0024,31.420000,74.368000,1st Avenue & Y Lane
n0025,31.420000,74.375000,1st Avenue & Z Boulevard
n0026,31.420000,74.382000,1st Avenue & AA Lane
n0027,31.420000,74.389000,1st Avenue & AB Lane
n0028,31.420000,74.396000,1st Avenue & AC Lane
n0029,31.420000,74.403000,1st Avenue & AD Lane
n0030,31.420000,74.410000,1st Avenue & AE Boulevard
n0031,31.420000,74.417000,1st Avenue & AF Lane
n0032,31.420000,74.424000,1st Avenue & AG Lane
n0033,31.420000,74.431000,1st Avenue & AH Lane
n0034,31.420000,74.438000,1st Avenue & AI Lane
n0035,31.420000,74.445000,1st Avenue & AJ Boulevard
n0036,31.420000,74.452000,1st Avenue & AK Lane
n0037,31.420000,74.459000,1st Avenue & AL Lane
n0038,31.420000,74.466000,1st Avenue & AM Lane
n0039,31.420000,74.473000,1st Avenue & AN Lane
n0100,31.426000,74.200000,2nd Street & A Boulevard
n0101,31.426000,74.207000,2nd Street & B Lane
n0102,31.426000,74.214000,2nd Street & C Lane
n0103,31.426000,74.221000,2nd Street & D Lane
n0104,31.426000,74.228000,2nd Street & E Lane
n0105,31.426000,74.235000,2nd Street & F Boulevard
n0106,31.426000,74.242000,2nd Street & G Lane
n0107,31.426000,74.249000,2nd Street & H Lane
n0108,31.426000,74.256000,2nd Street & I Lane
n0109,31.426000,74.263000,2nd Street & J Lane
n0110,31.426000,74.270000,2nd Street & K Boulevard
n0111,31.426000,74.277000,2nd Street & L Lane
n0112,31.426000,74.284000,2nd Street & M Lane
n0113,31.426000,74.291000,2nd Street & N Lane
n0114,31.426000,74.298000,2nd Street & O Lane
n0115,31.426000,74.305000,2nd Street & P Boulevard
n0116,31.426000,74.312000,2nd Street & Q Lane
n0117,31.426000,74.319000,2nd Street & R Lane
n0118,31.426000,74.326000,2nd Street & S Lane
n0119,31.426000,74.333000,2nd Street & T Lane
n0120,31.426000,74.340000,2nd Street & U Boulevard
n0121,31.426000,74.347000,2nd Street & V Lane
n0122,31.426000,74.354000,2nd Street & W Lane
n0123,31.426000,74.361000,2nd Street & X Lane
n0124,31.426000,74.368000,2nd Street & Y Lane
n0125,31.426000,74.375000,2nd Street & Z Boulevard
n0126,31.426000,74.382000,2nd Street & AA Lane
n0127,31.426000,74.389000,2nd Street & AB Lane
n0128,31.426000,74.396000,2nd Street & AC Lane
n0129,31.426000,74.403000,2nd Street & AD Lane
n0130,31.426000,74.410000,2nd Street & AE Boulevard
n0131,31.426000,74.417000,2nd Street & AF Lane
n0132,31.426000,74.424000,2nd Street & AG Lane
n0133,31.426000,74.431000,2nd Street & AH Lane
n0134,31.426000,74.438000,2nd Street & AI Lane
n0135,31.426000,74.445000,2nd Street & AJ Boulevard
n0136,31.426000,74.452000,2nd Street & AK Lane
n0137,31.426000,74.459000,2nd Street & AL Lane
n0138,31.426000,74.466000,2nd Street & AM Lane
n0139,31.426000,74.473000,2nd Street & AN Lane
n0200,31.432000,74.200000,3rd Street & A Boulevard
n0201,31.432000,74.207000,3rd Street & B Lane
n0202,31.432000,74.214000,3rd Street & C Lane
n0203,31.432000,74.221000,3rd Street & D Lane
n0204,31.432000,74.228000,3rd Street & E Lane
n0205,31.432000,74.235000,3rd Street & F Boulevard
n0206,31.432000,74.242000,3rd Street & G Lane
n0207,31.432000,74.249000,3rd Street & H Lane
n0208,31.432000,74.256000,3rd Street & I Lane
n0209,31.432000,74.263000,3rd Street & J Lane
n0210,31.432000,74.270000,3rd Street & K Boulevard
n0211,31.432000,74.277000,3rd Street & L Lane
n0212,31.432000,74.284000,3rd Street & M Lane
n0213,31.432000,74.291000,3rd Street & N Lane
n0214,31.432000,74.298000,3rd Street & O Lane
n0215,31.432000,74.305000,3rd Street & P Boulevard
n0216,31.432000,74.312000,3rd Street & Q Lane
n0217,31.432000,74.319000,3rd Street & R Lane
n0218,31.432000,74.326000,3rd Street & S Lane
n0219,31.432000,74.333000,3rd Street & T Lane
n0220,31.432000,74.340000,3rd Street & U Boulevard
n0221,31.432000,74.347000,3rd Street & V Lane
n0222,31.432000,74.354000,3rd Street & W Lane
n0223,31.432000,74.361000,3rd Street & X Lane
n0224,31.432000,74.368000,3rd Street & Y Lane
n0225,31.432000,74.375000,3rd Street & Z Boulevard
n0226,31.432000,74.382000,3rd Street & AA Lane
n0227,31.432000,74.389000,3rd Street & AB Lane
n0228,31.432000,74.396000,3rd Street & AC Lane
n0229,31.432000,74.403000,3rd Street & AD Lane
n0230,31.432000,74.410000,3rd Street & AE Boulevard
n0231,31.432000,74.417000,3rd Street & AF Lane
n0232,31.432000,74.424000,3rd Street & AG Lane
n0233,31.432000,74.431000,3rd Street & AH Lane
n0234,31.432000,74.438000,3rd Street & AI Lane
n0235,31.432000,74.445000,3rd Street & AJ Boulevard
n0236,31.432000,74.452000,3rd Street & AK Lane
n0237,31.432000,74.459000,3rd Street & AL Lane
n0238,31.432000,74.466000,3rd Street & AM Lane
n0239,31.432000,74.473000,3rd Street & AN Lane
n0300,31.438000,74.200000,4th Street & A Boulevard
n0301,31.438000,74.207000,4th Street & B Lane
n0302,31.438000,74.214000,4th Street & C Lane
n0303,31.438000,74.221000,4th Street & D Lane
n0304,31.438000,74.228000,4th Street & E Lane
n0305,31.438000,74.235000,4th Street & F Boulevard
n0306,31.438000,74.242000,4th Street & G Lane
n0307,31.438000,74.249000,4th Street & H Lane
n0308,31.438000,74.256000,4th Street & I Lane
n0309,31.438000,74.263000,4th Street & J Lane
n0310,31.438000,74.270000,4th Street & K Boulevard
n0311,31.438000,74.277000,4th Street & L Lane
n0312,31.438000,74.284000,4th Street & M Lane
n0313,31.438000,74.291000,4th Street & N Lane
n0314,31.438000,74.298000,4th Street & O Lane
n0315,31.438000,74.305000,4th Street & P Boulevard
n0316,31.438000,74.312000,4th Street & Q Lane
n0317,31.438000,74.319000,4th Street & R Lane
n0318,31.438000,74.326000,4th Street & S Lane
n0319,31.438000,74.333000,4th Street & T Lane
n0320,31.438000,74.340000,4th Street & U Boulevard
n0321,31.438000,74.347000,4th Street & V Lane
n0322,31.438000,74.354000,4th Street & W Lane
n0323,31.438000,74.361000,4th Street & X Lane
n0324,31.438000,74.368000,4th Street & Y Lane
n0325,31.438000,74.375000,4th Street & Z Boulevard
n0326,31.438000,74.382000,4th Street & AA Lane
n0327,31.438000,74.389000,4th Street & AB Lane
n0328,31.438000,74.396000,4th Street & AC Lane
n0329,31.438000,74.403000,4th Street & AD Lane
n0330,31.438000,74.410000,4th Street & AE Boulevard
n0331,31.438000,74.417000,4th Street & AF Lane
n0332,31.438000,74.424000,4th Street & AG Lane
n0333,31.438000,74.431000,4th Street & AH Lane
n0334,31.438000,74.438000,4th Street & AI Lane
n0335,31.438000,74.445000,4th Street & AJ Boulevard
n0336,31.438000,74.452000,4th Street & AK Lane
n0337,31.438000,74.459000,4th Street & AL Lane
n0338,31.438000,74.466000,4th Street & AM Lane
n0339,31.438000,74.473000,4th Street & AN Lane
n0400,31.444000,74.200000,5th Street & A Boulevard
n0401,31.444000,74.207000,5th Street & B Lane
n0402,31.444000,74.214000,5th Street & C Lane
n0403,31.444000,74.221000,5th Street & D Lane
n0404,31.444000,74.228000,5th Street & E Lane
n0405,31.444000,74.235000,5th Street & F Boulevard
n0406,31.444000,74.242000,5th Street & G Lane
n0407,31.444000,74.249000,5th Street & H Lane
n0408,31.444000,74.256000,5th Street & I Lane
n0409,31.444000,74.263000,5th Street & J Lane
n0410,31.444000,74.270000,5th Street & K Boulevard
n0411,31.444000,74.277000,5th Street & L Lane
n0412,31.444000,74.284000,5th Street & M Lane
n0413,31.444000,74.291000,5th Street & N Lane
n0414,31.444000,74.298000,5th Street & O Lane
n0415,31.444000,74.305000,5th Street & P Boulevard
n0416,31.444000,74.312000,5th Street & Q Lane
n0417,31.444000,74.319000,5th Street & R Lane
n0418,31.444000,74.326000,5th Street & S Lane
n0419,31.444000,74.333000,5th Street & T Lane
n0420,31.444000,74.340000,5th Street & U Boulevard
n0421,31.444000,74.347000,5th Street & V Lane
n0422,31.444000,74.354000,5th Street & W Lane
n0423,31.444000,74.361000,5th Street & X Lane
n0424,31.444000,74.368000,5th Street & Y Lane
n0425,31.444000,74.375000,5th Street & Z Boulevard
n0426,31.444000,74.382000,5th Street & AA Lane
n0427,31.444000,74.389000,5th Street & AB Lane
n0428,31.444000,74.396000,5th Street & AC Lane
n0429,31.444000,74.403000,5th Street & AD Lane
n0430,31.444000,74.410000,5th Street & AE Boulevard
n0431,31.444000,74.417000,5th Street & AF Lane
n0432,31.444000,74.424000,5th Street & AG Lane
n0433,31.444000,74.431000,5th Street & AH Lane
n0434,31.444000,74.438000,5th Street & AI Lane
n0435,31.444000,74.445000,5th Street & AJ Boulevard
n0436,31.444000,74.452000,5th Street & AK Lane
n0437,31.444000,74.459000,5th Street & AL Lane
n0438,31.444000,74.466000,5th Street & AM Lane
n0439,31.444000,74.473000,5th Street & AN Lane
n0500,31.450000,74.200000,6th Avenue & A Boulevard
n0501,31.450000,74.207000,6th Avenue & B Lane
n0502,31.450000,74.214000,6th Avenue & C Lane
n0503,31.450000,74.221000,6th Avenue & D Lane
n0504,31.450000,74.228000,6th Avenue & E Lane
n0505,31.450000,74.235000,6th Avenue & F Boulevard
n0506,31.450000,74.242000,6th Avenue & G Lane
n0507,31.450000,74.249000,6th Avenue & H Lane
n0508,31.450000,74.256000,6th Avenue & I Lane
n0509,31.450000,74.263000,6th Avenue & J Lane
n0510,31.450000,74.270000,6th Avenue & K Boulevard
n0511,31.450000,74.277000,6th Avenue & L Lane
n0512,31.450000,74.284000,6th Avenue & M Lane
n0513,31.450000,74.291000,6th Avenue & N Lane
n0514,31.450000,74.298000,6th Avenue & O Lane
n0515,31.450000,74.305000,6th Avenue & P Boulevard
n0516,31.450000,74.312000,6th Avenue & Q Lane
n0517,31.450000,74.319000,6th Avenue & R Lane
n0518,31.450000,74.326000,6th Avenue & S Lane
n0519,31.450000,74.333000,6th Avenue & T Lane
n0520,31.450000,74.340000,6th Avenue & U Boulevard
n0521,31.450000,74.347000,6th Avenue & V Lane
n0522,31.450000,74.354000,6th Avenue & W Lane
n0523,31.450000,74.361000,6th Avenue & X Lane
n0524,31.450000,74.368000,6th Avenue & Y Lane
n0525,31.450000,74.375000,6th Avenue & Z Boulevard
n0526,31.450000,74.382000,6th Avenue & AA Lane
n0527,31.450000,74.389000,6th Avenue & AB Lane
n0528,31.450000,74.396000,6th Avenue & AC Lane
n0529,31.450000,74.403000,6th Avenue & AD Lane
n0530,31.450000,74.410000,6th Avenue & AE Boulevard
n0531,31.450000,74.417000,6th Avenue & AF Lane
n0532,31.450000,74.424000,6th Avenue & AG Lane
n0533,31.450000,74.431000,6th Avenue & AH Lane
n0534,31.450000,74.438000,6th Avenue & AI Lane
n0535,31.450000,74.445000,6th Avenue & AJ Boulevard
n0536,31.450000,74.452000,6th Avenue & AK Lane
n0537,31.450000,74.459000,6th Avenue & AL Lane
n0538,31.450000,74.466000,6th Avenue & AM Lane
n0539,31.450000,74.473000,6th Avenue & AN Lane
n0600,31.456000,74.200000,7th Street & A Boulevard
n0601,31.456000,74.207000,7th Street & B Lane
n0602,31.456000,74.214000,7th Street & C Lane
n0603,31.456000,74.221000,7th Street & D Lane
n0604,31.456000,74.228000,7th Street & E Lane
n0605,31.456000,74.235000,7th Street & F Boulevard
n0606,31.456000,74.242000,7th Street & G Lane
n0607,31.456000,74.249000,7th Street & H Lane
n0608,31.456000,74.256000,7th Street & I Lane
n0609,31.456000,74.263000,7th Street & J Lane
n0610,31.456000,74.270000,7th Street & K Boulevard
n0611,31.456000,74.277000,7th Street & L Lane
n0612,31.456000,74.284000,7th Street & M Lane
n0613,31.456000,74.291000,7th Street & N Lane
n0614,31.456000,74.298000,7th Street & O Lane
n0615,31.456000,74.305000,7th Street & P Boulevard
n0616,31.456000,74.312000,7th Street & Q Lane
n0617,31.456000,74.319000,7th Street & R Lane
n0618,31.456000,74.326000,7th Street & S Lane
n0619,31.456000,74.333000,7th Street & T Lane
n0620,31.456000,74.340000,7th Street & U Boulevard
n0621,31.456000,74.347000,7th Street & V Lane
n0622,31.456000,74.354000,7th Street & W Lane
n0623,31.456000,74.361000,7th Street & X Lane
n0624,31.456000,74.368000,7th Street & Y Lane
n0625,31.456000,74.375000,7th Street & Z Boulevard
n0626,31.456000,74.382000,7th Street & AA Lane
n0627,31.456000,74.389000,7th Street & AB Lane
n0628,31.456000,74.396000,7th Street & AC Lane
n0629,31.456000,74.403000,7th Street & AD Lane
n0630,31.456000,74.410000,7th Street & AE Boulevard
n0631,31.456000,74.417000,7th Street & AF Lane
n0632,31.456000,74.424000,7th Street & AG Lane
n0633,31.456000,74.431000,7th Street & AH Lane
n0634,31.456000,74.438000,7th Street & AI Lane
n0635,31.456000,74.445000,7th Street & AJ Boulevard
n0636,31.456000,74.452000,7th Street & AK Lane
n0637,31.456000,74.459000,7th Street & AL Lane
n0638,31.456000,74.466000,7th Street & AM Lane
n0639,31.456000,74.473000,7th Street & AN Lane
n0700,31.462000,74.200000,8th Street & A Boulevard
n0701,31.462000,74.207000,8th Street & B Lane
n0702,31.462000,74.214000,8th Street & C Lane
n0703,31.462000,74.221000,8th Street & D Lane
n0704,31.462000,74.228000,8th Street & E Lane
n0705,31.462000,74.235000,8th Street & F Boulevard
n0706,31.462000,74.242000,8th Street & G Lane
n0707,31.462000,74.249000,8th Street & H Lane
n0708,31.462000,74.256000,8th Street & I Lane
n0709,31.462000,74.263000,8th Street & J Lane
n0710,31.462000,74.270000,8th Street & K Boulevard
n0711,31.462000,74.277000,8th Street & L Lane
n0712,31.462000,74.284000,8th Street & M Lane
n0713,31.462000,74.291000,8th Street & N Lane
n0714,31.462000,74.298000,8th Street & O Lane
n0715,31.462000,74.305000,8th Street & P Boulevard
n0716,31.462000,74.312000,8th Street & Q Lane
n0717,31.462000,74.319000,8th Street & R Lane
n0718,31.462000,74.326000,8th Street & S Lane
n0719,31.462000,74.333000,8th Street & T Lane
n0720,31.462000,74.340000,8th Street & U Boulevard
n0721,31.462000,74.347000,8th Street & V Lane
n0722,31.462000,74.354000,8th Street & W Lane
n0723,31.462000,74.361000,8th Street & X Lane
n0724,31.462000,74.368000,8th Street & Y Lane
n0725,31.462000,74.375000,8th Street & Z Boulevard
n0726,31.462000,74.382000,8th Street & AA Lane
n0727,31.462000,74.389000,8th Street & AB Lane
n0728,31.462000,74.396000,8th Street & AC Lane
n0729,31.462000,74.403000,8th Street & AD Lane
n0730,31.462000,74.410000,8th Street & AE Boulevard
n0731,31.462000,74.417000,8th Street & AF Lane
n0732,31.462000,74.424000,8th Street & AG Lane
n0733,31.462000,74.431000,8th Street & AH Lane
n0734,31.462000,74.438000,8th Street & AI Lane
n0735,31.462000,74.445000,8th Street & AJ Boulevard
n0736,31.462000,74.452000,8th Street & AK Lane
n0737,31.462000,74.459000,8th Street & AL Lane
n0738,31.462000,74.466000,8th Street & AM Lane
n0739,31.462000,74.473000,8th Street & AN Lane
n0800,31.468000,74.200000,9th Street & A Boulevard
n0801,31.468000,74.207000,9th Street & B Lane
n0802,31.468000,74.214000,9th Street & C Lane
n0803,31.468000,74.221000,9th Street & D Lane
n0804,31.468000,74.228000,9th Street & E Lane
n0805,31.468000,74.235000,9th Street & F Boulevard
n0806,31.468000,74.242000,9th Street & G Lane
n0807,31.468000,74.249000,9th Street & H Lane
n0808,31.468000,74.256000,9th Street & I Lane
n0809,31.468000,74.263000,9th Street & J Lane
n0810,31.468000,74.270000,9th Street & K Boulevard
n0811,31.468000,74.277000,9th Street & L Lane
n0812,31.468000,74.284000,9th Street & M Lane
n0813,31.468000,74.291000,9th Street & N Lane
n0814,31.468000,74.298000,9th Street & O Lane
n0815,31.468000,74.305000,9th Street & P Boulevard
n0816,31.468000,74.312000,9th Street & Q Lane
n0817,31.468000,74.319000,9th Street & R Lane
n0818,31.468000,74.326000,9th Street & S Lane
n0819,31.468000,74.333000,9th Street & T Lane
n0820,31.468000,74.340000,9th Street & U Boulevard
n0821,31.468000,74.347000,9th Street & V Lane
n0822,31.468000,74.354000,9th Street & W Lane
n0823,31.468000,74.361000,9th Street & X Lane
n0824,31.468000,74.368000,9th Street & Y Lane
n0825,31.468000,74.375000,9th Street & Z Boulevard
n0826,31.468000,74.382000,9th Street & AA Lane
n0827,31.468000,74.389000,9th Street & AB Lane
n0828,31.468000,74.396000,9th Street & AC Lane
n0829,31.468000,74.403000,9th Street & AD Lane
n0830,31.468000,74.410000,9th Street & AE Boulevard
n0831,31.468000,74.417000,9th Street & AF Lane
n0832,31.468000,74.424000,9th Street & AG Lane
n0833,31.468000,74.431000,9th Street & AH Lane
n0834,31.468000,74.438000,9th Street & AI Lane
n0835,31.468000,74.445000,9th Street & AJ Boulevard
n0836,31.468000,74.452000,9th Street & AK Lane
n0837,31.468000,74.459000,9th Street & AL Lane
n0838,31.468000,74.466000,9th Street & AM Lane
n0839,31.468000,74.473000,9th Street & AN Lane
n0900,31.474000,74.200000,10th Street & A Boulevard
n0901,31.474000,74.207000,10th Street & B Lane
n0902,31.474000,74.214000,10th Street & C Lane
n0903,31.474000,74.221000,10th Street & D Lane
n0904,31.474000,74.228000,10th Street & E Lane
n0905,31.474000,74.235000,10th Street & F Boulevard
n0906,31.474000,74.242000,10th Street & G Lane
n0907,31.474000,74.249000,10th Street & H Lane
n0908,31.474000,74.256000,10th Street & I Lane
n0909,31.474000,74.263000,10th Street & J Lane
n0910,31.474000,74.270000,10th Street & K Boulevard
n0911,31.474000,74.277000,10th Street & L Lane
n0912,31.474000,74.284000,10th Street & M Lane
n0913,31.474000,74.291000,10th Street & N Lane
n0914,31.474000,74.298000,10th Street & O Lane
n0915,31.474000,74.305000,10th Street & P Boulevard
n0916,31.474000,74.312000,10th Street & Q Lane
n0917,31.474000,74.319000,10th Street & R Lane
n0918,31.474000,74.326000,10th Street & S Lane
n0919,31.474000,74.333000,10th Street & T Lane
n0920,31.474000,74.340000,10th Street & U Boulevard
n0921,31.474000,74.347000,10th Street & V Lane
n0922,31.474000,74.354000,10th Street & W Lane
n0923,31.474000,74.361000,10th Street & X Lane
n0924,31.474000,74.368000,10th Street & Y Lane
n0925,31.474000,74.375000,10th Street & Z Boulevard
n0926,31.474000,74.382000,10th Street & AA Lane
n0927,31.474000,74.389000,10th Street & AB Lane
n0928,31.474000,74.396000,10th Street & AC Lane
n0929,31.474000,74.403000,10th Street & AD Lane
n0930,31.474000,74.410000,10th Street & AE Boulevard
n0931,31.474000,74.417000,10th Street & AF Lane
n0932,31.474000,74.424000,10th Street & AG Lane
n0933,31.474000,74.431000,10th Street & AH Lane
n0934,31.474000,74.438000,10th Street & AI Lane
n0935,31.474000,74.445000,10th Street & AJ Boulevard
n0936,31.474000,74.452000,10th Street & AK Lane
n0937,31.474000,74.459000,10th Street & AL Lane
n0938,31.474000,74.466000,10th Street & AM Lane
n0939,31.474000,74.473000,10th Street & AN Lane
n1000,31.480000,74.200000,11th Avenue & A Boulevard
n1001,31.480000,74.207000,11th Avenue & B Lane
n1002,31.480000,74.214000,11th Avenue & C Lane
n1003,31.480000,74.221000,11th Avenue & D Lane
n1004,31.480000,74.228000,11th Avenue & E Lane
n1005,31.480000,74.235000,11th Avenue & F Boulevard
n1006,31.480000,74.242000,11th Avenue & G Lane
n1007,31.480000,74.249000,11th Avenue & H Lane
n1008,31.480000,74.256000,11th Avenue & I Lane
n1009,31.480000,74.263000,11th Avenue & J Lane
n1010,31.480000,74.270000,11th Avenue & K Boulevard
n1011,31.480000,74.277000,11th Avenue & L Lane
n1012,31.480000,74.284000,11th Avenue & M Lane
n1013,31.480000,74.291000,11th Avenue & N Lane
n1014,31.480000,74.298000,11th Avenue & O Lane
n1015,31.480000,74.305000,11th Avenue & P Boulevard
n1016,31.480000,74.312000,11th Avenue & Q Lane
n1017,31.480000,74.319000,11th Avenue & R Lane
n1018,31.480000,74.326000,11th Avenue & S Lane
n1019,31.480000,74.333000,11th Avenue & T Lane
n1020,31.480000,74.340000,11th Avenue & U Boulevard
n1021,31.480000,74.347000,11th Avenue & V Lane
n1022,31.480000,74.354000,11th Avenue & W Lane
n1023,31.480000,74.361000,11th Avenue & X Lane
n1024,31.480000,74.368000,11th Avenue & Y Lane
n1025,31.480000,74.375000,11th Avenue & Z Boulevard
n1026,31.480000,74.382000,11th Avenue & AA Lane
n1027,31.480000,74.389000,11th Avenue & AB Lane
n1028,31.480000,74.396000,11th Avenue & AC Lane
n1029,31.480000,74.403000,11th Avenue & AD Lane
n1030,31.480000,74.410000,11th Avenue & AE Boulevard
n1031,31.480000,74.417000,11th Avenue & AF Lane
n1032,31.480000,74.424000,11th Avenue & AG Lane
n1033,31.480000,74.431000,11th Avenue & AH Lane
n1034,31.480000,74.438000,11th Avenue & AI Lane
n1035,31.480000,74.445000,11th Avenue & AJ Boulevard
n1036,31.480000,74.452000,11th Avenue & AK Lane
n1037,31.480000,74.459000,11th Avenue & AL Lane
n1038,31.480000,74.466000,11th Avenue & AM Lane
n1039,31.480000,74.473000,11th Avenue & AN Lane
n1100,31.486000,74.200000,12th Street & A Boulevard
n1101,31.486000,74.207000,12th Street & B Lane
n1102,31.486000,74.214000,12th Street & C Lane
n1103,31.486000,74.221000,12th Street & D Lane
n1104,31.486000,74.228000,12th Street & E Lane
n1105,31.486000,74.235000,12th Street & F Boulevard
n1106,31.486000,74.242000,12th Street & G Lane
n1107,31.486000,74.249000,12th Street & H Lane
n1108,31.486000,74.256000,12th Street & I Lane
n1109,31.486000,74.263000,12th Street & J Lane
n1110,31.486000,74.270000,12th Street & K Boulevard
n1111,31.486000,74.277000,12th Street & L Lane
n1112,31.486000,74.284000,12th Street & M Lane
n1113,31.486000,74.291000,12th Street & N Lane
n1114,31.486000,74.298000,12th Street & O Lane
n1115,31.486000,74.305000,12th Street & P Boulevard
n1116,31.486000,74.312000,12th Street & Q Lane
n1117,31.486000,74.319000,12th Street & R Lane
n1118,31.486000,74.326000,12th Street & S Lane
n1119,31.486000,74.333000,12th Street & T Lane
n1120,31.486000,74.340000,12th Street & U Boulevard
n1121,31.486000,74.347000,12th Street & V Lane
n1122,31.486000,74.354000,12th Street & W Lane
n1123,31.486000,74.361000,12th Street & X Lane
n1124,31.486000,74.368000,12th Street & Y Lane
n1125,31.486000,74.375000,12th Street & Z Boulevard
n1126,31.486000,74.382000,12th Street & AA Lane
n1127,31.486000,74.389000,12th Street & AB Lane
n1128,31.486000,74.396000,12th Street & AC Lane
n1129,31.486000,74.403000,12th Street & AD Lane
n1130,31.486000,74.410000,12th Street & AE Boulevard
n1131,31.486000,74.417000,12th Street & AF Lane
n1132,31.486000,74.424000,12th Street & AG Lane
n1133,31.486000,74.431000,12th Street & AH Lane
n1134,31.486000,74.438000,12th Street & AI Lane
n1135,31.486000,74.445000,12th Street & AJ Boulevard
n1136,31.486000,74.452000,12th Street & AK Lane
n1137,31.486000,74.459000,12th Street & AL Lane
n1138,31.486000,74.466000,12th Street & AM Lane
n1139,31.486000,74.473000,12th Street & AN Lane
n1200,31.492000,74.200000,13th Street & A Boulevard
n1201,31.492000,74.207000,13th Street & B Lane
n1202,31.492000,74.214000,13th Street & C Lane
n1203,31.492000,74.221000,13th Street & D Lane
n1204,31.492000,74.228000,13th Street & E Lane
n1205,31.492000,74.235000,13th Street & F Boulevard
n1206,31.492000,74.242000,13th Street & G Lane
n1207,31.492000,74.249000,13th Street & H Lane
n1208,31.492000,74.256000,13th Street & I Lane
n1209,31.492000,74.263000,13th Street & J Lane
n1210,31.492000,74.270000,13th Street & K Boulevard
n1211,31.492000,74.277000,13th Street & L Lane
n1212,31.492000,74.284000,13th Street & M Lane
n1213,31.492000,74.291000,13th Street & N Lane
n1214,31.492000,74.298000,13th Street & O Lane
n1215,31.492000,74.305000,13th Street & P Boulevard
n1216,31.492000,74.312000,13th Street & Q Lane
n1217,31.492000,74.319000,13th Street & R Lane
n1218,31.492000,74.326000,13th Street & S Lane
n1219,31.492000,74.333000,13th Street & T Lane
n1220,31.492000,74.340000,13th Street & U Boulevard
n1221,31.492000,74.347000,13th Street & V Lane
n1222,31.492000,74.354000,13th Street & W Lane
n1223,31.492000,74.361000,13th Street & X Lane
n1224,31.492000,74.368000,13th Street & Y Lane
n1225,31.492000,74.375000,13th Street & Z Boulevard
n1226,31.492000,74.382000,13th Street & AA Lane
n1227,31.492000,74.389000,13th Street & AB Lane
n1228,31.492000,74.396000,13th Street & AC Lane
n1229,31.492000,74.403000,13th Street & AD Lane
n1230,31.492000,74.410000,13th Street & AE Boulevard
n1231,31.492000,74.417000,13th Street & AF Lane
n1232,31.492000,74.424000,13th Street & AG Lane
n1233,31.492000,74.431000,13th Street & AH Lane
n1234,31.492000,74.438000,13th Street & AI Lane
n1235,31.492000,74.445000,13th Street & AJ Boulevard
n1236,31.492000,74.452000,13th Street & AK Lane
n1237,31.492000,74.459000,13th Street & AL Lane
n1238,31.492000,74.466000,13th Street & AM Lane
n1239,31.492000,74.473000,13th Street & AN Lane
n1300,31.498000,74.200000,14th Street & A Boulevard
n1301,31.498000,74.207000,14th Street & B Lane
n1302,31.498000,74.214000,14th Street & C Lane
n1303,31.498000,74.221000,14th Street & D Lane
n1304,31.498000,74.228000,14th Street & E Lane
n1305,31.498000,74.235000,14th Street & F Boulevard
n1306,31.498000,74.242000,14th Street & G Lane
n1307,31.498000,74.249000,14th Street & H Lane
n1308,31.498000,74.256000,14th Street & I Lane
n1309,31.498000,74.263000,14th Street & J Lane
n1310,31.498000,74.270000,14th Street & K Boulevard
n1311,31.498000,74.277000,14th Street & L Lane
n1312,31.498000,74.284000,14th Street & M Lane
n1313,31.498000,74.291000,14th Street & N Lane
n1314,31.498000,74.298000,14th Street & O Lane
n1315,31.498000,74.305000,14th Street & P Boulevard
n1316,31.498000,74.312000,14th Street & Q Lane
n1317,31.498000,74.319000,14th Street & R Lane
n1318,31.498000,74.326000,14th Street & S Lane
n1319,31.498000,74.333000,14th Street & T Lane
n1320,31.498000,74.340000,14th Street & U Boulevard
n1321,31.498000,74.347000,14th Street & V Lane
n1322,31.498000,74.354000,14th Street & W Lane
n1323,31.498000,74.361000,14th Street & X Lane
n1324,31.498000,74.368000,14th Street & Y Lane
n1325,31.498000,74.375000,14th Street & Z Boulevard
n1326,31.498000,74.382000,14th Street & AA Lane
n1327,31.498000,74.389000,14th Street & AB Lane
n1328,31.498000,74.396000,14th Street & AC Lane
n1329,31.498000,74.403000,14th Street & AD Lane
n1330,31.498000,74.410000,14th Street & AE Boulevard
n1331,31.498000,74.417000,14th Street & AF Lane
n1332,31.498000,74.424000,14th Street & AG Lane
n1333,31.498000,74.431000,14th Street & AH Lane
n1334,31.498000,74.438000,14th Street & AI Lane
n1335,31.498000,74.445000,14th Street & AJ Boulevard
n1336,31.498000,74.452000,14th Street & AK Lane
n1337,31.498000,74.459000,14th Street & AL Lane
n1338,31.498000,74.466000,14th Street & AM Lane
n1339,31.498000,74.473000,14th Street & AN Lane
n1400,31.504000,74.200000,15th Street & A Boulevard
n1401,31.504000,74.207000,15th Street & B Lane
n1402,31.504000,74.214000,15th Street & C Lane
n1403,31.504000,74.221000,15th Street & D Lane
n1404,31.504000,74.228000,15th Street & E Lane
n1405,31.504000,74.235000,15th Street & F Boulevard
n1406,31.504000,74.242000,15th Street & G Lane
n1407,31.504000,74.249000,15th Street & H Lane
n1408,31.504000,74.256000,15th Street & I Lane
n1409,31.504000,74.263000,15th Street & J Lane
n1410,31.504000,74.270000,15th Street & K Boulevard
n1411,31.504000,74.277000,15th Street & L Lane
n1412,31.504000,74.284000,15th Street & M Lane
n1413,31.504000,74.291000,15th Street & N Lane
n1414,31.504000,74.298000,15th Street & O Lane
n1415,31.504000,74.305000,15th Street & P Boulevard
n1416,31.504000,74.312000,15th Street & Q Lane
n1417,31.504000,74.319000,15th Street & R Lane
n1418,31.504000,74.326000,15th Street & S Lane
n1419,31.504000,74.333000,15th Street & T Lane
n1420,31.504000,74.340000,15th Street & U Boulevard
n1421,31.504000,74.347000,15th Street & V Lane
n1422,31.504000,74.354000,15th Street & W Lane
n1423,31.504000,74.361000,15th Street & X Lane
n1424,31.504000,74.368000,15th Street & Y Lane
n1425,31.504000,74.375000,15th Street & Z Boulevard
n1426,31.504000,74.382000,15th Street & AA Lane
n1427,31.504000,74.389000,15th Street & AB Lane
n1428,31.504000,74.396000,15th Street & AC Lane
n1429,31.504000,74.403000,15th Street & AD Lane
n1430,31.504000,74.410000,15th Street & AE Boulevard
n1431,31.504000,74.417000,15th Street & AF Lane
n1432,31.504000,74.424000,15th Street & AG Lane
n1433,31.504000,74.431000,15th Street & AH Lane
n1434,31.504000,74.438000,15th Street & AI Lane
n1435,31.504000,74.445000,15th Street & AJ Boulevard
n1436,31.504000,74.452000,15th Street & AK Lane
n1437,31.504000,74.459000,15th Street & AL Lane
n1438,31.504000,74.466000,15th Street & AM Lane
n1439,31.504000,74.473000,15th Street & AN Lane
n1500,31.510000,74.200000,16th Avenue & A Boulevard
n1501,31.510000,74.207000,16th Avenue & B Lane
n1502,31.510000,74.214000,16th Avenue & C Lane
n1503,31.510000,74.221000,16th Avenue & D Lane
n1504,31.510000,74.228000,16th Avenue & E Lane
n1505,31.510000,74.235000,16th Avenue & F Boulevard
n1506,31.510000,74.242000,16th Avenue & G Lane
n1507,31.510000,74.249000,16th Avenue & H Lane
n1508,31.510000,74.256000,16th Avenue & I Lane
n1509,31.510000,74.263000,16th Avenue & J Lane
n1510,31.510000,74.270000,16th Avenue & K Boulevard
n1511,31.510000,74.277000,16th Avenue & L Lane
n1512,31.510000,74.284000,16th Avenue & M Lane
n1513,31.510000,74.291000,16th Avenue & N Lane
n1514,31.510000,74.298000,16th Avenue & O Lane
n1515,31.510000,74.305000,16th Avenue & P Boulevard
n1516,31.510000,74.312000,16th Avenue & Q Lane
n1517,31.510000,74.319000,16th Avenue & R Lane
n1518,31.510000,74.326000,16th Avenue & S Lane
n1519,31.510000,74.333000,16th Avenue & T Lane
n1520,31.510000,74.340000,16th Avenue & U Boulevard
n1521,31.510000,74.347000,16th Avenue & V Lane
n1522,31.510000,74.354000,16th Avenue & W Lane
n1523,31.510000,74.361000,16th Avenue & X Lane
n1524,31.510000,74.368000,16th Avenue & Y Lane
n1525,31.510000,74.375000,16th Avenue & Z Boulevard
n1526,31.510000,74.382000,16th Avenue & AA Lane
n1527,31.510000,74.389000,16th Avenue & AB Lane
n1528,31.510000,74.396000,16th Avenue & AC Lane
n1529,31.510000,74.403000,16th Avenue & AD Lane
n1530,31.510000,74.410000,16th Avenue & AE Boulevard
n1531,31.510000,74.417000,16th Avenue & AF Lane
n1532,31.510000,74.424000,16th Avenue & AG Lane
n1533,31.510000,74.431000,16th Avenue & AH Lane
n1534,31.510000,74.438000,16th Avenue & AI Lane
n1535,31.510000,74.445000,16th Avenue & AJ Boulevard
n1536,31.510000,74.452000,16th Avenue & AK Lane
n1537,31.510000,74.459000,16th Avenue & AL Lane
n1538,31.510000,74.466000,16th Avenue & AM Lane
n1539,31.510000,74.473000,16th Avenue & AN Lane
n1600,31.516000,74.200000,17th Street & A Boulevard
n1601,31.516000,74.207000,17th Street & B Lane
n1602,31.516000,74.214000,17th Street & C Lane
n1603,31.516000,74.221000,17th Street & D Lane
n1604,31.516000,74.228000,17th Street & E Lane
n1605,31.516000,74.235000,17th Street & F Boulevard
n1606,31.516000,74.242000,17th Street & G Lane
n1607,31.516000,74.249000,17th Street & H Lane
n1608,31.516000,74.256000,17th Street & I Lane
n1609,31.516000,74.263000,17th Street & J Lane
n1610,31.516000,74.270000,17th Street & K Boulevard
n1611,31.516000,74.277000,17th Street & L Lane
n1612,31.516000,74.284000,17th Street & M Lane
n1613,31.516000,74.291000,17th Street & N Lane
n1614,31.516000,74.298000,17th Street & O Lane
n1615,31.516000,74.305000,17th Street & P Boulevard
n1616,31.516000,74.312000,17th Street & Q Lane
n1617,31.516000,74.319000,17th Street & R Lane
n1618,31.516000,74.326000,17th Street & S Lane
n1619,31.516000,74.333000,17th Street & T Lane
n1620,31.516000,74.340000,17th Street & U Boulevard
n1621,31.516000,74.347000,17th Street & V Lane
n1622,31.516000,74.354000,17th Street & W Lane
n1623,31.516000,74.361000,17th Street & X Lane
n1624,31.516000,74.368000,17th Street & Y Lane
n1625,31.516000,74.375000,17th Street & Z Boulevard
n1626,31.516000,74.382000,17th Street & AA Lane
n1627,31.516000,74.389000,17th Street & AB Lane
n1628,31.516000,74.396000,17th Street & AC Lane
n1629,31.516000,74.403000,17th Street & AD Lane
n1630,31.516000,74.410000,17th Street & AE Boulevard
n1631,31.516000,74.417000,17th Street & AF Lane
n1632,31.516000,74.424000,17th Street & AG Lane
n1633,31.516000,74.431000,17th Street & AH Lane
n1634,31.516000,74.438000,17th Street & AI Lane
n1635,31.516000,74.445000,17th Street & AJ Boulevard
n1636,31.516000,74.452000,17th Street & AK Lane
n1637,31.516000,74.459000,17th Street & AL Lane
n1638,31.516000,74.466000,17th Street & AM Lane
n1639,31.516000,74.473000,17th Street & AN Lane
n1700,31.522000,74.200000,18th Street & A Boulevard
n1701,31.522000,74.207000,18th Street & B Lane
n1702,31.522000,74.214000,18th Street & C Lane
n1703,31.522000,74.221000,18th Street & D Lane
n1704,31.522000,74.228000,18th Street & E Lane
n1705,31.522000,74.235000,18th Street & F Boulevard
n1706,31.522000,74.242000,18th Street & G Lane
n1707,31.522000,74.249000,18th Street & H Lane
n1708,31.522000,74.256000,18th Street & I Lane
n1709,31.522000,74.263000,18th Street & J Lane
n1710,31.522000,74.270000,18th Street & K Boulevard
n1711,31.522000,74.277000,18th Street & L Lane
n1712,31.522000,74.284000,18th Street & M Lane
n1713,31.522000,74.291000,18th Street & N Lane
n1714,31.522000,74.298000,18th Street & O Lane
n1715,31.522000,74.305000,18th Street & P Boulevard
n1716,31.522000,74.312000,18th Street & Q Lane
n1717,31.522000,74.319000,18th Street & R Lane
n1718,31.522000,74.326000,18th Street & S Lane
n1719,31.522000,74.333000,18th Street & T Lane
n1720,31.522000,74.340000,18th Street & U Boulevard
n1721,31.522000,74.347000,18th Street & V Lane
n1722,31.522000,74.354000,18th Street & W Lane
n1723,31.522000,74.361000,18th Street & X Lane
n1724,31.522000,74.368000,18th Street & Y Lane
n1725,31.522000,74.375000,18th Street & Z Boulevard
n1726,31.522000,74.382000,18th Street & AA Lane
n1727,31.522000,74.389000,18th Street & AB Lane
n1728,31.522000,74.396000,18th Street & AC Lane
n1729,31.522000,74.403000,18th Street & AD Lane
n1730,31.522000,74.410000,18th Street & AE Boulevard
n1731,31.522000,74.417000,18th Street & AF Lane
n1732,31.522000,74.424000,18th Street & AG Lane
n1733,31.522000,74.431000,18th Street & AH Lane
n1734,31.522000,74.438000,18th Street & AI Lane
n1735,31.522000,74.445000,18th Street & AJ Boulevard
n1736,31.522000,74.452000,18th Street & AK Lane
n1737,31.522000,74.459000,18th Street & AL Lane
n1738,31.522000,74.466000,18th Street & AM Lane
n1739,31.522000,74.473000,18th Street & AN Lane
n1800,31.528000,74.200000,19th Street & A Boulevard
n1801,31.528000,74.207000,19th Street & B Lane
n1802,31.528000,74.214000,19th Street & C Lane
n1803,31.528000,74.221000,19th Street & D Lane
n1804,31.528000,74.228000,19th Street & E Lane
n1805,31.528000,74.235000,19th Street & F Boulevard
n1806,31.528000,74.242000,19th Street & G Lane
n1807,31.528000,74.249000,19th Street & H Lane
n1808,31.528000,74.256000,19th Street & I Lane
n1809,31.528000,74.263000,19th Street & J Lane
n1810,31.528000,74.270000,19th Street & K Boulevard
n1811,31.528000,74.277000,19th Street & L Lane
n1812,31.528000,74.284000,19th Street & M Lane
n1813,31.528000,74.291000,19th Street & N Lane
n1814,31.528000,74.298000,19th Street & O Lane
n1815,31.528000,74.305000,19th Street & P Boulevard
n1816,31.528000,74.312000,19th Street & Q Lane
n1817,31.528000,74.319000,19th Street & R Lane
n1818,31.528000,74.326000,19th Street & S Lane
n1819,31.528000,74.333000,19th Street & T Lane
n1820,31.528000,74.340000,19th Street & U Boulevard
n1821,31.528000,74.347000,19th Street & V Lane
n1822,31.528000,74.354000,19th Street & W Lane
n1823,31.528000,74.361000,19th Street & X Lane
n1824,31.528000,74.368000,19th Street & Y Lane
n1825,31.528000,74.375000,19th Street & Z Boulevard
n1826,31.528000,74.382000,19th Street & AA Lane
n1827,31.528000,74.389000,19th Street & AB Lane
n1828,31.528000,74.396000,19th Street & AC Lane
n1829,31.528000,74.403000,19th Street & AD Lane
n1830,31.528000,74.410000,19th Street & AE Boulevard
n1831,31.528000,74.417000,19th Street & AF Lane
n1832,31.528000,74.424000,19th Street & AG Lane
n1833,31.528000,74.431000,19th Street & AH Lane
n1834,31.528000,74.438000,19th Street & AI Lane
n1835,31.528000,74.445000,19th Street & AJ Boulevard
n1836,31.528000,74.452000,19th Street & AK Lane
n1837,31.528000,74.459000,19th Street & AL Lane
n1838,31.528000,74.466000,19th Street & AM Lane
n1839,31.528000,74.473000,19th Street & AN Lane
n1900,31.534000,74.200000,20th Street & A Boulevard
n1901,31.534000,74.207000,20th Street & B Lane
n1902,31.534000,74.214000,20th Street & C Lane
n1903,31.534000,74.221000,20th Street & D Lane
n1904,31.534000,74.228000,20th Street & E Lane
n1905,31.534000,74.235000,20th Street & F Boulevard
n1906,31.534000,74.242000,20th Street & G Lane
n1907,31.534000,74.249000,20th Street & H Lane
n1908,31.534000,74.256000,20th Street & I Lane
n1909,31.534000,74.263000,20th Street & J Lane
n1910,31.534000,74.270000,20th Street & K Boulevard
n1911,31.534000,74.277000,20th Street & L Lane
n1912,31.534000,74.284000,20th Street & M Lane
n1913,31.534000,74.291000,20th Street & N Lane
n1914,31.534000,74.298000,20th Street & O Lane
n1915,31.534000,74.305000,20th Street & P Boulevard
n1916,31.534000,74.312000,20th Street & Q Lane
n1917,31.534000,74.319000,20th Street & R Lane
n1918,31.534000,74.326000,20th Street & S Lane
n1919,31.534000,74.333000,20th Street & T Lane
n1920,31.534000,74.340000,20th Street & U Boulevard
n1921,31.534000,74.347000,20th Street & V Lane
n1922,31.534000,74.354000,20th Street & W Lane
n1923,31.534000,74.361000,20th Street & X Lane
n1924,31.534000,74.368000,20th Street & Y Lane
n1925,31.534000,74.375000,20th Street & Z Boulevard
n1926,31.534000,74.382000,20th Street & AA Lane
n1927,31.534000,74.389000,20th Street & AB Lane
n1928,31.534000,74.396000,20th Street & AC Lane
n1929,31.534000,74.403000,20th Street & AD Lane
n1930,31.534000,74.410000,20th Street & AE Boulevard
n1931,31.534000,74.417000,20th Street & AF Lane
n1932,31.534000,74.424000,20th Street & AG Lane
n1933,31.534000,74.431000,20th Street & AH Lane
n1934,31.534000,74.438000,20th Street & AI Lane
n1935,31.534000,74.445000,20th Street & AJ Boulevard
n1936,31.534000,74.452000,20th Street & AK Lane
n1937,31.534000,74.459000,20th Street & AL Lane
n1938,31.534000,74.466000,20th Street & AM Lane
n1939,31.534000,74.473000,20th Street & AN Lane
n2000,31.540000,74.200000,21st Avenue & A Boulevard
n2001,31.540000,74.207000,21st Avenue & B Lane
n2002,31.540000,74.214000,21st Avenue & C Lane
n2003,31.540000,74.221000,21st Avenue & D Lane
n2004,31.540000,74.228000,21st Avenue & E Lane
n2005,31.540000,74.235000,21st Avenue & F Boulevard
n2006,31.540000,74.242000,21st Avenue & G Lane
n2007,31.540000,74.249000,21st Avenue & H Lane
n2008,31.540000,74.256000,21st Avenue & I Lane
n2009,31.540000,74.263000,21st Avenue & J Lane
n2010,31.540000,74.270000,21st Avenue & K Boulevard
n2011,31.540000,74.277000,21st Avenue & L Lane
n2012,31.540000,74.284000,21st Avenue & M Lane
n2013,31.540000,74.291000,21st Avenue & N Lane
n2014,31.540000,74.298000,21st Avenue & O Lane
n2015,31.540000,74.305000,21st Avenue & P Boulevard
n2016,31.540000,74.312000,21st Avenue & Q Lane
n2017,31.540000,74.319000,21st Avenue & R Lane
n2018,31.540000,74.326000,21st Avenue & S Lane
n2019,31.540000,74.333000,21st Avenue & T Lane
n2020,31.540000,74.340000,21st Avenue & U Boulevard
n2021,31.540000,74.347000,21st Avenue & V Lane
n2022,31.540000,74.354000,21st Avenue & W Lane
n2023,31.540000,74.361000,21st Avenue & X Lane
n2024,31.540000,74.368000,21st Avenue & Y Lane
n2025,31.540000,74.375000,21st Avenue & Z Boulevard
n2026,31.540000,74.382000,21st Avenue & AA Lane
n2027,31.540000,74.389000,21st Avenue & AB Lane
n2028,31.540000,74.396000,21st Avenue & AC Lane
n2029,31.540000,74.403000,21st Avenue & AD Lane
n2030,31.540000,74.410000,21st Avenue & AE Boulevard
n2031,31.540000,74.417000,21st Avenue & AF Lane
n2032,31.540000,74.424000,21st Avenue & AG Lane
n2033,31.540000,74.431000,21st Avenue & AH Lane
n2034,31.540000,74.438000,21st Avenue & AI Lane
n2035,31.540000,74.445000,21st Avenue & AJ Boulevard
n2036,31.540000,74.452000,21st Avenue & AK Lane
n2037,31.540000,74.459000,21st Avenue & AL Lane
n2038,31.540000,74.466000,21st Avenue & AM Lane
n2039,31.540000,74.473000,21st Avenue & AN Lane
n2100,31.546000,74.200000,22nd Street & A Boulevard
n2101,31.546000,74.207000,22nd Street & B Lane
n2102,31.546000,74.214000,22nd Street & C Lane
n2103,31.546000,74.221000,22nd Street & D Lane
n2104,31.546000,74.228000,22nd Street & E Lane
n2105,31.546000,74.235000,22nd Street & F Boulevard
n2106,31.546000,74.242000,22nd Street & G Lane
n2107,31.546000,74.249000,22nd Street & H Lane
n2108,31.546000,74.256000,22nd Street & I Lane
n2109,31.546000,74.263000,22nd Street & J Lane
n2110,31.546000,74.270000,22nd Street & K Boulevard
n2111,31.546000,74.277000,22nd Street & L Lane
n2112,31.546000,74.284000,22nd Street & M Lane
n2113,31.546000,74.291000,22nd Street & N Lane
n2114,31.546000,74.298000,22nd Street & O Lane
n2115,31.546000,74.305000,22nd Street & P Boulevard
n2116,31.546000,74.312000,22nd Street & Q Lane
n2117,31.546000,74.319000,22nd Street & R Lane
n2118,31.546000,74.326000,22nd Street & S Lane
n2119,31.546000,74.333000,22nd Street & T Lane
n2120,31.546000,74.340000,22nd Street & U Boulevard
n2121,31.546000,74.347000,22nd Street & V Lane
n2122,31.546000,74.354000,22nd Street & W Lane
n2123,31.546000,74.361000,22nd Street & X Lane
n2124,31.546000,74.368000,22nd Street & Y Lane
n2125,31.546000,74.375000,22nd Street & Z Boulevard
n2126,31.546000,74.382000,22nd Street & AA Lane
n2127,31.546000,74.389000,22nd Street & AB Lane
n2128,31.546000,74.396000,22nd Street & AC Lane
n2129,31.546000,74.403000,22nd Street & AD Lane
n2130,31.546000,74.410000,22nd Street & AE Boulevard
n2131,31.546000,74.417000,22nd Street & AF Lane
n2132,31.546000,74.424000,22nd Street & AG Lane
n2133,31.546000,74.431000,22nd Street & AH Lane
n2134,31.546000,74.438000,22nd Street & AI Lane
n2135,31.546000,74.445000,22nd Street & AJ Boulevard
n2136,31.546000,74.452000,22nd Street & AK Lane
n2137,31.546000,74.459000,22nd Street & AL Lane
n2138,31.546000,74.466000,22nd Street & AM Lane
n2139,31.546000,74.473000,22nd Street & AN Lane
n2200,31.552000,74.200000,23rd Street & A Boulevard
n2201,31.552000,74.207000,23rd Street & B Lane
n2202,31.552000,74.214000,23rd Street & C Lane
n2203,31.552000,74.221000,23rd Street & D Lane
n2204,31.552000,74.228000,23rd Street & E Lane
n2205,31.552000,74.235000,23rd Street & F Boulevard
n2206,31.552000,74.242000,23rd Street & G Lane
n2207,31.552000,74.249000,23rd Street & H Lane
n2208,31.552000,74.256000,23rd Street & I Lane
n2209,31.552000,74.263000,23rd Street & J Lane
n2210,31.552000,74.270000,23rd Street & K Boulevard
n2211,31.552000,74.277000,23rd Street & L Lane
n2212,31.552000,74.284000,23rd Street & M Lane
n2213,31.552000,74.291000,23rd Street & N Lane
n2214,31.552000,74.298000,23rd Street & O Lane
n2215,31.552000,74.305000,23rd Street & P Boulevard
n2216,31.552000,74.312000,23rd Street & Q Lane
n2217,31.552000,74.319000,23rd Street & R Lane
n2218,31.552000,74.326000,23rd Street & S Lane
n2219,31.552000,74.333000,23rd Street & T Lane
n2220,31.552000,74.340000,23rd Street & U Boulevard
n2221,31.552000,74.347000,23rd Street & V Lane
n2222,31.552000,74.354000,23rd Street & W Lane
n2223,31.552000,74.361000,23rd Street & X Lane
n2224,31.552000,74.368000,23rd Street & Y Lane
n2225,31.552000,74.375000,23rd Street & Z Boulevard
n2226,31.552000,74.382000,23rd Street & AA Lane
n2227,31.552000,74.389000,23rd Street & AB Lane
n2228,31.552000,74.396000,23rd Street & AC Lane
n2229,31.552000,74.403000,23rd Street & AD Lane
n2230,31.552000,74.410000,23rd Street & AE Boulevard
n2231,31.552000,74.417000,23rd Street & AF Lane
n2232,31.552000,74.424000,23rd Street & AG Lane
n2233,31.552000,74.431000,23rd Street & AH Lane
n2234,31.552000,74.438000,23rd Street & AI Lane
n2235,31.552000,74.445000,23rd Street & AJ Boulevard
n2236,31.552000,74.452000,23rd Street & AK Lane
n2237,31.552000,74.459000,23rd Street & AL Lane
n2238,31.552000,74.466000,23rd Street & AM Lane
n2239,31.552000,74.473000,23rd Street & AN Lane
n2300,31.558000,74.200000,24th Street & A Boulevard
n2301,31.558000,74.207000,24th Street & B Lane
n2302,31.558000,74.214000,24th Street & C Lane
n2303,31.558000,74.221000,24th Street & D Lane
n2304,31.558000,74.228000,24th Street & E Lane
n2305,31.558000,74.235000,24th Street & F Boulevard
n2306,31.558000,74.242000,24th Street & G Lane
n2307,31.558000,74.249000,24th Street & H Lane
n2308,31.558000,74.256000,24th Street & I Lane
n2309,31.558000,74.263000,24th Street & J Lane
n2310,31.558000,74.270000,24th Street & K Boulevard
n2311,31.558000,74.277000,24th Street & L Lane
n2312,31.558000,74.284000,24th Street & M Lane
n2313,31.558000,74.291000,24th Street & N Lane
n2314,31.558000,74.298000,24th Street & O Lane
n2315,31.558000,74.305000,24th Street & P Boulevard
n2316,31.558000,74.312000,24th Street & Q Lane
n2317,31.558000,74.319000,24th Street & R Lane
n2318,31.558000,74.326000,24th Street & S Lane
n2319,31.558000,74.333000,24th Street & T Lane
n2320,31.558000,74.340000,24th Street & U Boulevard
n2321,31.558000,74.347000,24th Street & V Lane
n2322,31.558000,74.354000,24th Street & W Lane
n2323,31.558000,74.361000,24th Street & X Lane
n2324,31.558000,74.368000,24th Street & Y Lane
n2325,31.558000,74.375000,24th Street & Z Boulevard
n2326,31.558000,74.382000,24th Street & AA Lane
n2327,31.558000,74.389000,24th Street & AB Lane
n2328,31.558000,74.396000,24th Street & AC Lane
n2329,31.558000,74.403000,24th Street & AD Lane
n2330,31.558000,74.410000,24th Street & AE Boulevard
n2331,31.558000,74.417000,24th Street & AF Lane
n2332,31.558000,74.424000,24th Street & AG Lane
n2333,31.558000,74.431000,24th Street & AH Lane
n2334,31.558000,74.438000,24th Street & AI Lane
n2335,31.558000,74.445000,24th Street & AJ Boulevard
n2336,31.558000,74.452000,24th Street & AK Lane
n2337,31.558000,74.459000,24th Street & AL Lane
n2338,31.558000,74.466000,24th Street & AM Lane
n2339,31.558000,74.473000,24th Street & AN Lane
n2400,31.564000,74.200000,25th Street & A Boulevard
n2401,31.564000,74.207000,25th Street & B Lane
n2402,31.564000,74.214000,25th Street & C Lane
n2403,31.564000,74.221000,25th Street & D Lane
n2404,31.564000,74.228000,25th Street & E Lane
n2405,31.564000,74.235000,25th Street & F Boulevard
n2406,31.564000,74.242000,25th Street & G Lane
n2407,31.564000,74.249000,25th Street & H Lane
n2408,31.564000,74.256000,25th Street & I Lane
n2409,31.564000,74.263000,25th Street & J Lane
n2410,31.564000,74.270000,25th Street & K Boulevard
n2411,31.564000,74.277000,25th Street & L Lane
n2412,31.564000,74.284000,25th Street & M Lane
n2413,31.564000,74.291000,25th Street & N Lane
n2414,31.564000,74.298000,25th Street & O Lane
n2415,31.564000,74.305000,25th Street & P Boulevard
n2416,31.564000,74.312000,25th Street & Q Lane
n2417,31.564000,74.319000,25th Street & R Lane
n2418,31.564000,74.326000,25th Street & S Lane
n2419,31.564000,74.333000,25th Street & T Lane
n2420,31.564000,74.340000,25th Street & U Boulevard
n2421,31.564000,74.347000,25th Street & V Lane
n2422,31.564000,74.354000,25th Street & W Lane
n2423,31.564000,74.361000,25th Street & X Lane
n2424,31.564000,74.368000,25th Street & Y Lane
n2425,31.564000,74.375000,25th Street & Z Boulevard
n2426,31.564000,74.382000,25th Street & AA Lane
n2427,31.564000,74.389000,25th Street & AB Lane
n2428,31.564000,74.396000,25th Street & AC Lane
n2429,31.564000,74.403000,25th Street & AD Lane
n2430,31.564000,74.410000,25th Street & AE Boulevard
n2431,31.564000,74.417000,25th Street & AF Lane
n2432,31.564000,74.424000,25th Street & AG Lane
n2433,31.564000,74.431000,25th Street & AH Lane
n2434,31.564000,74.438000,25th Street & AI Lane
n2435,31.564000,74.445000,25th Street & AJ Boulevard
n2436,31.564000,74.452000,25th Street & AK Lane
n2437,31.564000,74.459000,25th Street & AL Lane
n2438,31.564000,74.466000,25th Street & AM Lane
n2439,31.564000,74.473000,25th Street & AN Lane
n2500,31.570000,74.200000,26th Avenue & A Boulevard
n2501,31.570000,74.207000,26th Avenue & B Lane
n2502,31.570000,74.214000,26th Avenue & C Lane
n2503,31.570000,74.221000,26th Avenue & D Lane
n2504,31.570000,74.228000,26th Avenue & E Lane
n2505,31.570000,74.235000,26th Avenue & F Boulevard
n2506,31.570000,74.242000,26th Avenue & G Lane
n2507,31.570000,74.249000,26th Avenue & H Lane
n2508,31.570000,74.256000,26th Avenue & I Lane
n2509,31.570000,74.263000,26th Avenue & J Lane
n2510,31.570000,74.270000,26th Avenue & K Boulevard
n2511,31.570000,74.277000,26th Avenue & L Lane
n2512,31.570000,74.284000,26th Avenue & M Lane
n2513,31.570000,74.291000,26th Avenue & N Lane
n2514,31.570000,74.298000,26th Avenue & O Lane
n2515,31.570000,74.305000,26th Avenue & P Boulevard
n2516,31.570000,74.312000,26th Avenue & Q Lane
n2517,31.570000,74.319000,26th Avenue & R Lane
n2518,31.570000,74.326000,26th Avenue & S Lane
n2519,31.570000,74.333000,26th Avenue & T Lane
n2520,31.570000,74.340000,26th Avenue & U Boulevard
n2521,31.570000,74.347000,26th Avenue & V Lane
n2522,31.570000,74.354000,26th Avenue & W Lane
n2523,31.570000,74.361000,26th Avenue & X Lane
n2524,31.570000,74.368000,26th Avenue & Y Lane
n2525,31.570000,74.375000,26th Avenue & Z Boulevard
n2526,31.570000,74.382000,26th Avenue & AA Lane
n2527,31.570000,74.389000,26th Avenue & AB Lane
n2528,31.570000,74.396000,26th Avenue & AC Lane
n2529,31.570000,74.403000,26th Avenue & AD Lane
n2530,31.570000,74.410000,26th Avenue & AE Boulevard
n2531,31.570000,74.417000,26th Avenue & AF Lane
n2532,31.570000,74.424000,26th Avenue & AG Lane
n2533,31.570000,74.431000,26th Avenue & AH Lane
n2534,31.570000,74.438000,26th Avenue & AI Lane
n2535,31.570000,74.445000,26th Avenue & AJ Boulevard
n2536,31.570000,74.452000,26th Avenue & AK Lane
n2537,31.570000,74.459000,26th Avenue & AL Lane
n2538,31.570000,74.466000,26th Avenue & AM Lane
n2539,31.570000,74.473000,26th Avenue & AN Lane
n2600,31.576000,74.200000,27th Street & A Boulevard
n2601,31.576000,74.207000,27th Street & B Lane
n2602,31.576000,74.214000,27th Street & C Lane
n2603,31.576000,74.221000,27th Street & D Lane
n2604,31.576000,74.228000,27th Street & E Lane
n2605,31.576000,74.235000,27th Street & F Boulevard
n2606,31.576000,74.242000,27th Street & G Lane
n2607,31.576000,74.249000,27th Street & H Lane
n2608,31.576000,74.256000,27th Street & I Lane
n2609,31.576000,74.263000,27th Street & J Lane
n2610,31.576000,74.270000,27th Street & K Boulevard
n2611,31.576000,74.277000,27th Street & L Lane
n2612,31.576000,74.284000,27th Street & M Lane
n2613,31.576000,74.291000,27th Street & N Lane
n2614,31.576000,74.298000,27th Street & O Lane
n2615,31.576000,74.305000,27th Street & P Boulevard
n2616,31.576000,74.312000,27th Street & Q Lane
n2617,31.576000,74.319000,27th Street & R Lane
n2618,31.576000,74.326000,27th Street & S Lane
n2619,31.576000,74.333000,27th Street & T Lane
n2620,31.576000,74.340000,27th Street & U Boulevard
n2621,31.576000,74.347000,27th Street & V Lane
n2622,31.576000,74.354000,27th Street & W Lane
n2623,31.576000,74.361000,27th Street & X Lane
n2624,31.576000,74.368000,27th Street & Y Lane
n2625,31.576000,74.375000,27th Street & Z Boulevard
n2626,31.576000,74.382000,27th Street & AA Lane
n2627,31.576000,74.389000,27th Street & AB Lane
n2628,31.576000,74.396000,27th Street & AC Lane
n2629,31.576000,74.403000,27th Street & AD Lane
n2630,31.576000,74.410000,27th Street & AE Boulevard
n2631,31.576000,74.417000,27th Street & AF Lane
n2632,31.576000,74.424000,27th Street & AG Lane
n2633,31.576000,74.431000,27th Street & AH Lane
n2634,31.576000,74.438000,27th Street & AI Lane
n2635,31.576000,74.445000,27th Street & AJ Boulevard
n2636,31.576000,74.452000,27th Street & AK Lane
n2637,31.576000,74.459000,27th Street & AL Lane
n2638,31.576000,74.466000,27th Street & AM Lane
n2639,31.576000,74.473000,27th Street & AN Lane
n2700,31.582000,74.200000,28th Street & A Boulevard
n2701,31.582000,74.207000,28th Street & B Lane
n2702,31.582000,74.214000,28th Street & C Lane
n2703,31.582000,74.221000,28th Street & D Lane
n2704,31.582000,74.228000,28th Street & E Lane
n2705,31.582000,74.235000,28th Street & F Boulevard
n2706,31.582000,74.242000,28th Street & G Lane
n2707,31.582000,74.249000,28th Street & H Lane
n2708,31.582000,74.256000,28th Street & I Lane
n2709,31.582000,74.263000,28th Street & J Lane
n2710,31.582000,74.270000,28th Street & K Boulevard
n2711,31.582000,74.277000,28th Street & L Lane
n2712,31.582000,74.284000,28th Street & M Lane
n2713,31.582000,74.291000,28th Street & N Lane
n2714,31.582000,74.298000,28th Street & O Lane
n2715,31.582000,74.305000,28th Street & P Boulevard
n2716,31.582000,74.312000,28th Street & Q Lane
n2717,31.582000,74.319000,28th Street & R Lane
n2718,31.582000,74.326000,28th Street & S Lane
n2719,31.582000,74.333000,28th Street & T Lane
n2720,31.582000,74.340000,28th Street & U Boulevard
n2721,31.582000,74.347000,28th Street & V Lane
n2722,31.582000,74.354000,28th Street & W Lane
n2723,31.582000,74.361000,28th Street & X Lane
n2724,31.582000,74.368000,28th Street & Y Lane
n2725,31.582000,74.375000,28th Street & Z Boulevard
n2726,31.582000,74.382000,28th Street & AA Lane
n2727,31.582000,74.389000,28th Street & AB Lane
n2728,31.582000,74.396000,28th Street & AC Lane
n2729,31.582000,74.403000,28th Street & AD Lane
n2730,31.582000,74.410000,28th Street & AE Boulevard
n2731,31.582000,74.417000,28th Street & AF Lane
n2732,31.582000,74.424000,28th Street & AG Lane
n2733,31.582000,74.431000,28th Street & AH Lane
n2734,31.582000,74.438000,28th Street & AI Lane
n2735,31.582000,74.445000,28th Street & AJ Boulevard
n2736,31.582000,74.452000,28th Street & AK Lane
n2737,31.582000,74.459000,28th Street & AL Lane
n2738,31.582000,74.466000,28th Street & AM Lane
n2739,31.582000,74.473000,28th Street & AN Lane
n2800,31.588000,74.200000,29th Street & A Boulevard
n2801,31.588000,74.207000,29th Street & B Lane
n2802,31.588000,74.214000,29th Street & C Lane
n2803,31.588000,74.221000,29th Street & D Lane
n2804,31.588000,74.228000,29th Street & E Lane
n2805,31.588000,74.235000,29th Street & F Boulevard
n2806,31.588000,74.242000,29th Street & G Lane
n2807,31.588000,74.249000,29th Street & H Lane
n2808,31.588000,74.256000,29th Street & I Lane
n2809,31.588000,74.263000,29th Street & J Lane
n2810,31.588000,74.270000,29th Street & K Boulevard
n2811,31.588000,74.277000,29th Street & L Lane
n2812,31.588000,74.284000,29th Street & M Lane
n2813,31.588000,74.291000,29th Street & N Lane
n2814,31.588000,74.298000,29th Street & O Lane
n2815,31.588000,74.305000,29th Street & P Boulevard
n2816,31.588000,74.312000,29th Street & Q Lane
n2817,31.588000,74.319000,29th Street & R Lane
n2818,31.588000,74.326000,29th Street & S Lane
n2819,31.588000,74.333000,29th Street & T Lane
n2820,31.588000,74.340000,29th Street & U Boulevard
n2821,31.588000,74.347000,29th Street & V Lane
n2822,31.588000,74.354000,29th Street & W Lane
n2823,31.588000,74.361000,29th Street & X Lane
n2824,31.588000,74.368000,29th Street & Y Lane
n2825,31.588000,74.375000,29th Street & Z Boulevard
n2826,31.588000,74.382000,29th Street & AA Lane
n2827,31.588000,74.389000,29th Street & AB Lane
n2828,31.588000,74.396000,29th Street & AC Lane
n2829,31.588000,74.403000,29th Street & AD Lane
n2830,31.588000,74.410000,29th Street & AE Boulevard
n2831,31.588000,74.417000,29th Street & AF Lane
n2832,31.588000,74.424000,29th Street & AG Lane
n2833,31.588000,74.431000,29th Street & AH Lane
n2834,31.588000,74.438000,29th Street & AI Lane
n2835,31.588000,74.445000,29th Street & AJ Boulevard
n2836,31.588000,74.452000,29th Street & AK Lane
n2837,31.588000,74.459000,29th Street & AL Lane
n2838,31.588000,74.466000,29th Street & AM Lane
n2839,31.588000,74.473000,29th Street & AN Lane
n2900,31.594000,74.200000,30th Street & A Boulevard
n2901,31.594000,74.207000,30th Street & B Lane
n2902,31.594000,74.214000,30th Street & C Lane
n2903,31.594000,74.221000,30th Street & D Lane
n2904,31.594000,74.228000,30th Street & E Lane
n2905,31.594000,74.235000,30th Street & F Boulevard
n2906,31.594000,74.242000,30th Street & G Lane
n2907,31.594000,74.249000,30th Street & H Lane
n2908,31.594000,74.256000,30th Street & I Lane
n2909,31.594000,74.263000,30th Street & J Lane
n2910,31.594000,74.270000,30th Street & K Boulevard
n2911,31.594000,74.277000,30th Street & L Lane
n2912,31.594000,74.284000,30th Street & M Lane
n2913,31.594000,74.291000,30th Street & N Lane
n2914,31.594000,74.298000,30th Street & O Lane
n2915,31.594000,74.305000,30th Street & P Boulevard
n2916,31.594000,74.312000,30th Street & Q Lane
n2917,31.594000,74.319000,30th Street & R Lane
n2918,31.594000,74.326000,30th Street & S Lane
n2919,31.594000,74.333000,30th Street & T Lane
n2920,31.594000,74.340000,30th Street & U Boulevard
n2921,31.594000,74.347000,30th Street & V Lane
n2922,31.594000,74.354000,30th Street & W Lane
n2923,31.594000,74.361000,30th Street & X Lane
n2924,31.594000,74.368000,30th Street & Y Lane
n2925,31.594000,74.375000,30th Street & Z Boulevard
n2926,31.594000,74.382000,30th Street & AA Lane
n2927,31.594000,74.389000,30th Street & AB Lane
n2928,31.594000,74.396000,30th Street & AC Lane
n2929,31.594000,74.403000,30th Street & AD Lane
n2930,31.594000,74.410000,30th Street & AE Boulevard
n2931,31.594000,74.417000,30th Street & AF Lane
n2932,31.594000,74.424000,30th Street & AG Lane
n2933,31.594000,74.431000,30th Street & AH Lane
n2934,31.594000,74.438000,30th Street & AI Lane
n2935,31.594000,74.445000,30th Street & AJ Boulevard
n2936,31.594000,74.452000,30th Street & AK Lane
n2937,31.594000,74.459000,30th Street & AL Lane
n2938,31.594000,74.466000,30th Street & AM Lane
n2939,31.594000,74.473000,30th Street & AN Lane
n3000,31.600000,74.200000,31st Avenue & A Boulevard
n3001,31.600000,74.207000,31st Avenue & B Lane
n3002,31.600000,74.214000,31st Avenue & C Lane
n3003,31.600000,74.221000,31st Avenue & D Lane
n3004,31.600000,74.228000,31st Avenue & E Lane
n3005,31.600000,74.235000,31st Avenue & F Boulevard
n3006,31.600000,74.242000,31st Avenue & G Lane
n3007,31.600000,74.249000,31st Avenue & H Lane
n3008,31.600000,74.256000,31st Avenue & I Lane
n3009,31.600000,74.263000,31st Avenue & J Lane
n3010,31.600000,74.270000,31st Avenue & K Boulevard
n3011,31.600000,74.277000,31st Avenue & L Lane
n3012,31.600000,74.284000,31st Avenue & M Lane
n3013,31.600000,74.291000,31st Avenue & N Lane
n3014,31.600000,74.298000,31st Avenue & O Lane
n3015,31.600000,74.305000,31st Avenue & P Boulevard
n3016,31.600000,74.312000,31st Avenue & Q Lane
n3017,31.600000,74.319000,31st Avenue & R Lane
n3018,31.600000,74.326000,31st Avenue & S Lane
n3019,31.600000,74.333000,31st Avenue & T Lane
n3020,31.600000,74.340000,31st Avenue & U Boulevard
n3021,31.600000,74.347000,31st Avenue & V Lane
n3022,31.600000,74.354000,31st Avenue & W Lane
n3023,31.600000,74.361000,31st Avenue & X Lane
n3024,31.600000,74.368000,31st Avenue & Y Lane
n3025,31.600000,74.375000,31st Avenue & Z Boulevard
n3026,31.600000,74.382000,31st Avenue & AA Lane
n3027,31.600000,74.389000,31st Avenue & AB Lane
n3028,31.600000,74.396000,31st Avenue & AC Lane
n3029,31.600000,74.403000,31st Avenue & AD Lane
n3030,31.600000,74.410000,31st Avenue & AE Boulevard
n3031,31.600000,74.417000,31st Avenue & AF Lane
n3032,31.600000,74.424000,31st Avenue & AG Lane
n3033,31.600000,74.431000,31st Avenue & AH Lane
n3034,31.600000,74.438000,31st Avenue & AI Lane
n3035,31.600000,74.445000,31st Avenue & AJ Boulevard
n3036,31.600000,74.452000,31st Avenue & AK Lane
n3037,31.600000,74.459000,31st Avenue & AL Lane
n3038,31.600000,74.466000,31st Avenue & AM Lane
n3039,31.600000,74.473000,31st Avenue & AN Lane
n3100,31.606000,74.200000,32nd Street & A Boulevard
n3101,31.606000,74.207000,32nd Street & B Lane
n3102,31.606000,74.214000,32nd Street & C Lane
n3103,31.606000,74.221000,32nd Street & D Lane
n3104,31.606000,74.228000,32nd Street & E Lane
n3105,31.606000,74.235000,32nd Street & F Boulevard
n3106,31.606000,74.242000,32nd Street & G Lane
n3107,31.606000,74.249000,32nd Street & H Lane
n3108,31.606000,74.256000,32nd Street & I Lane
n3109,31.606000,74.263000,32nd Street & J Lane
n3110,31.606000,74.270000,32nd Street & K Boulevard
n3111,31.606000,74.277000,32nd Street & L Lane
n3112,31.606000,74.284000,32nd Street & M Lane
n3113,31.606000,74.291000,32nd Street & N Lane
n3114,31.606000,74.298000,32nd Street & O Lane
n3115,31.606000,74.305000,32nd Street & P Boulevard
n3116,31.606000,74.312000,32nd Street & Q Lane
n3117,31.606000,74.319000,32nd Street & R Lane
n3118,31.606000,74.326000,32nd Street & S Lane
n3119,31.606000,74.333000,32nd Street & T Lane
n3120,31.606000,74.340000,32nd Street & U Boulevard
n3121,31.606000,74.347000,32nd Street & V Lane
n3122,31.606000,74.354000,32nd Street & W Lane
n3123,31.606000,74.361000,32nd Street & X Lane
n3124,31.606000,74.368000,32nd Street & Y Lane
n3125,31.606000,74.375000,32nd Street & Z Boulevard
n3126,31.606000,74.382000,32nd Street & AA Lane
n3127,31.606000,74.389000,32nd Street & AB Lane
n3128,31.606000,74.396000,32nd Street & AC Lane
n3129,31.606000,74.403000,32nd Street & AD Lane
n3130,31.606000,74.410000,32nd Street & AE Boulevard
n3131,31.606000,74.417000,32nd Street & AF Lane
n3132,31.606000,74.424000,32nd Street & AG Lane
n3133,31.606000,74.431000,32nd Street & AH Lane
n3134,31.606000,74.438000,32nd Street & AI Lane
n3135,31.606000,74.445000,32nd Street & AJ Boulevard
n3136,31.606000,74.452000,32nd Street & AK Lane
n3137,31.606000,74.459000,32nd Street & AL Lane
n3138,31.606000,74.466000,32nd Street & AM Lane
n3139,31.606000,74.473000,32nd Street & AN Lane
n3200,31.612000,74.200000,33rd Street & A Boulevard
n3201,31.612000,74.207000,33rd Street & B Lane
n3202,31.612000,74.214000,33rd Street & C Lane
n3203,31.612000,74.221000,33rd Street & D Lane
n3204,31.612000,74.228000,33rd Street & E Lane
n3205,31.612000,74.235000,33rd Street & F Boulevard
n3206,31.612000,74.242000,33rd Street & G Lane
n3207,31.612000,74.249000,33rd Street & H Lane
n3208,31.612000,74.256000,33rd Street & I Lane
n3209,31.612000,74.263000,33rd Street & J Lane
n3210,31.612000,74.270000,33rd Street & K Boulevard
n3211,31.612000,74.277000,33rd Street & L Lane
n3212,31.612000,74.284000,33rd Street & M Lane
n3213,31.612000,74.291000,33rd Street & N Lane
n3214,31.612000,74.298000,33rd Street & O Lane
n3215,31.612000,74.305000,33rd Street & P Boulevard
n3216,31.612000,74.312000,33rd Street & Q Lane
n3217,31.612000,74.319000,33rd Street & R Lane
n3218,31.612000,74.326000,33rd Street & S Lane
n3219,31.612000,74.333000,33rd Street & T Lane
n3220,31.612000,74.340000,33rd Street & U Boulevard
n3221,31.612000,74.347000,33rd Street & V Lane
n3222,31.612000,74.354000,33rd Street & W Lane
n3223,31.612000,74.361000,33rd Street & X Lane
n3224,31.612000,74.368000,33rd Street & Y Lane
n3225,31.612000,74.375000,33rd Street & Z Boulevard
n3226,31.612000,74.382000,33rd Street & AA Lane
n3227,31.612000,74.389000,33rd Street & AB Lane
n3228,31.612000,74.396000,33rd Street & AC Lane
n3229,31.612000,74.403000,33rd Street & AD Lane
n3230,31.612000,74.410000,33rd Street & AE Boulevard
n3231,31.612000,74.417000,33rd Street & AF Lane
n3232,31.612000,74.424000,33rd Street & AG Lane
n3233,31.612000,74.431000,33rd Street & AH Lane
n3234,31.612000,74.438000,33rd Street & AI Lane
n3235,31.612000,74.445000,33rd Street & AJ Boulevard
n3236,31.612000,74.452000,33rd Street & AK Lane
n3237,31.612000,74.459000,33rd Street & AL Lane
n3238,31.612000,74.466000,33rd Street & AM Lane
n3239,31.612000,74.473000,33rd Street & AN Lane
n3300,31.618000,74.200000,34th Street & A Boulevard
n3301,31.618000,74.207000,34th Street & B Lane
n3302,31.618000,74.214000,34th Street & C Lane
n3303,31.618000,74.221000,34th Street & D Lane
n3304,31.618000,74.228000,34th Street & E Lane
n3305,31.618000,74.235000,34th Street & F Boulevard
n3306,31.618000,74.242000,34th Street & G Lane
n3307,31.618000,74.249000,34th Street & H Lane
n3308,31.618000,74.256000,34th Street & I Lane
n3309,31.618000,74.263000,34th Street & J Lane
n3310,31.618000,74.270000,34th Street & K Boulevard
n3311,31.618000,74.277000,34th Street & L Lane
n3312,31.618000,74.284000,34th Street & M Lane
n3313,31.618000,74.291000,34th Street & N Lane
n3314,31.618000,74.298000,34th Street & O Lane
n3315,31.618000,74.305000,34th Street & P Boulevard
n3316,31.618000,74.312000,34th Street & Q Lane
n3317,31.618000,74.319000,34th Street & R Lane
n3318,31.618000,74.326000,34th Street & S Lane
n3319,31.618000,74.333000,34th Street & T Lane
n3320,31.618000,74.340000,34th Street & U Boulevard
n3321,31.618000,74.347000,34th Street & V Lane
n3322,31.618000,74.354000,34th Street & W Lane
n3323,31.618000,74.361000,34th Street & X Lane
n3324,31.618000,74.368000,34th Street & Y Lane
n3325,31.618000,74.375000,34th Street & Z Boulevard
n3326,31.618000,74.382000,34th Street & AA Lane
n3327,31.618000,74.389000,34th Street & AB Lane
n3328,31.618000,74.396000,34th Street & AC Lane
n3329,31.618000,74.403000,34th Street & AD Lane
n3330,31.618000,74.410000,34th Street & AE Boulevard
n3331,31.618000,74.417000,34th Street & AF Lane
n3332,31.618000,74.424000,34th Street & AG Lane
n3333,31.618000,74.431000,34th Street & AH Lane
n3334,31.618000,74.438000,34th Street & AI Lane
n3335,31.618000,74.445000,34th Street & AJ Boulevard
n3336,31.618000,74.452000,34th Street & AK Lane
n3337,31.618000,74.459000,34th Street & AL Lane
n3338,31.618000,74.466000,34th Street & AM Lane
n3339,31.618000,74.473000,34th Street & AN Lane
n3400,31.624000,74.200000,35th Street & A Boulevard
n3401,31.624000,74.207000,35th Street & B Lane
n3402,31.624000,74.214000,35th Street & C Lane
n3403,31.624000,74.221000,35th Street & D Lane
n3404,31.624000,74.228000,35th Street & E Lane
n3405,31.624000,74.235000,35th Street & F Boulevard
n3406,31.624000,74.242000,35th Street & G Lane
n3407,31.624000,74.249000,35th Street & H Lane
n3408,31.624000,74.256000,35th Street & I Lane
n3409,31.624000,74.263000,35th Street & J Lane
n3410,31.624000,74.270000,35th Street & K Boulevard
n3411,31.624000,74.277000,35th Street & L Lane
n3412,31.624000,74.284000,35th Street & M Lane
n3413,31.624000,74.291000,35th Street & N Lane
n3414,31.624000,74.298000,35th Street & O Lane
n3415,31.624000,74.305000,35th Street & P Boulevard
n3416,31.624000,74.312000,35th Street & Q Lane
n3417,31.624000,74.319000,35th Street & R Lane
n3418,31.624000,74.326000,35th Street & S Lane
n3419,31.624000,74.333000,35th Street & T Lane
n3420,31.624000,74.340000,35th Street & U Boulevard
n3421,31.624000,74.347000,35th Street & V Lane
n3422,31.624000,74.354000,35th Street & W Lane
n3423,31.624000,74.361000,35th Street & X Lane
n3424,31.624000,74.368000,35th Street & Y Lane
n3425,31.624000,74.375000,35th Street & Z Boulevard
n3426,31.624000,74.382000,35th Street & AA Lane
n3427,31.624000,74.389000,35th Street & AB Lane
n3428,31.624000,74.396000,35th Street & AC Lane
n3429,31.624000,74.403000,35th Street & AD Lane
n3430,31.624000,74.410000,35th Street & AE Boulevard
n3431,31.624000,74.417000,35th Street & AF Lane
n3432,31.624000,74.424000,35th Street & AG Lane
n3433,31.624000,74.431000,35th Street & AH Lane
n3434,31.624000,74.438000,35th Street & AI Lane
n3435,31.624000,74.445000,35th Street & AJ Boulevard
n3436,31.624000,74.452000,35th Street & AK Lane
n3437,31.624000,74.459000,35th Street & AL Lane
n3438,31.624000,74.466000,35th Street & AM Lane
n3439,31.624000,74.473000,35th Street & AN Lane
n3500,31.630000,74.200000,36th Avenue & A Boulevard
n3501,31.630000,74.207000,36th Avenue & B Lane
n3502,31.630000,74.214000,36th Avenue & C Lane
n3503,31.630000,74.221000,36th Avenue & D Lane
n3504,31.630000,74.228000,36th Avenue & E Lane
n3505,31.630000,74.235000,36th Avenue & F Boulevard
n3506,31.630000,74.242000,36th Avenue & G Lane
n3507,31.630000,74.249000,36th Avenue & H Lane
n3508,31.630000,74.256000,36th Avenue & I Lane
n3509,31.630000,74.263000,36th Avenue & J Lane
n3510,31.630000,74.270000,36th Avenue & K Boulevard
n3511,31.630000,74.277000,36th Avenue & L Lane
n3512,31.630000,74.284000,36th Avenue & M Lane
n3513,31.630000,74.291000,36th Avenue & N Lane
n3514,31.630000,74.298000,36th Avenue & O Lane
n3515,31.630000,74.305000,36th Avenue & P Boulevard
n3516,31.630000,74.312000,36th Avenue & Q Lane
n3517,31.630000,74.319000,36th Avenue & R Lane
n3518,31.630000,74.326000,36th Avenue & S Lane
n3519,31.630000,74.333000,36th Avenue & T Lane
n3520,31.630000,74.340000,36th Avenue & U Boulevard
n3521,31.630000,74.347000,36th Avenue & V Lane
n3522,31.630000,74.354000,36th Avenue & W Lane
n3523,31.630000,74.361000,36th Avenue & X Lane
n3524,31.630000,74.368000,36th Avenue & Y Lane
n3525,31.630000,74.375000,36th Avenue & Z Boulevard
n3526,31.630000,74.382000,36th Avenue & AA Lane
n3527,31.630000,74.389000,36th Avenue & AB Lane
n3528,31.630000,74.396000,36th Avenue & AC Lane
n3529,31.630000,74.403000,36th Avenue & AD Lane
n3530,31.630000,74.410000,36th Avenue & AE Boulevard
n3531,31.630000,74.417000,36th Avenue & AF Lane
n3532,31.630000,74.424000,36th Avenue & AG Lane
n3533,31.630000,74.431000,36th Avenue & AH Lane
n3534,31.630000,74.438000,36th Avenue & AI Lane
n3535,31.630000,74.445000,36th Avenue & AJ Boulevard
n3536,31.630000,74.452000,36th Avenue & AK Lane
n3537,31.630000,74.459000,36th Avenue & AL Lane
n3538,31.630000,74.466000,36th Avenue & AM Lane
n3539,31.630000,74.473000,36th Avenue & AN Lane
n3600,31.636000,74.200000,37th Street & A Boulevard
n3601,31.636000,74.207000,37th Street & B Lane
n3602,31.636000,74.214000,37th Street & C Lane
n3603,31.636000,74.221000,37th Street & D Lane
n3604,31.636000,74.228000,37th Street & E Lane
n3605,31.636000,74.235000,37th Street & F Boulevard
n3606,31.636000,74.242000,37th Street & G Lane
n3607,31.636000,74.249000,37th Street & H Lane
n3608,31.636000,74.256000,37th Street & I Lane
n3609,31.636000,74.263000,37th Street & J Lane
n3610,31.636000,74.270000,37th Street & K Boulevard
n3611,31.636000,74.277000,37th Street & L Lane
n3612,31.636000,74.284000,37th Street & M Lane
n3613,31.636000,74.291000,37th Street & N Lane
n3614,31.636000,74.298000,37th Street & O Lane
n3615,31.636000,74.305000,37th Street & P Boulevard
n3616,31.636000,74.312000,37th Street & Q Lane
n3617,31.636000,74.319000,37th Street & R Lane
n3618,31.636000,74.326000,37th Street & S Lane
n3619,31.636000,74.333000,37th Street & T Lane
n3620,31.636000,74.340000,37th Street & U Boulevard
n3621,31.636000,74.347000,37th Street & V Lane
n3622,31.636000,74.354000,37th Street & W Lane
n3623,31.636000,74.361000,37th Street & X Lane
n3624,31.636000,74.368000,37th Street & Y Lane
n3625,31.636000,74.375000,37th Street & Z Boulevard
n3626,31.636000,74.382000,37th Street & AA Lane
n3627,31.636000,74.389000,37th Street & AB Lane
n3628,31.636000,74.396000,37th Street & AC Lane
n3629,31.636000,74.403000,37th Street & AD Lane
n3630,31.636000,74.410000,37th Street & AE Boulevard
n3631,31.636000,74.417000,37th Street & AF Lane
n3632,31.636000,74.424000,37th Street & AG Lane
n3633,31.636000,74.431000,37th Street & AH Lane
n3634,31.636000,74.438000,37th Street & AI Lane
n3635,31.636000,74.445000,37th Street & AJ Boulevard
n3636,31.636000,74.452000,37th Street & AK Lane
n3637,31.636000,74.459000,37th Street & AL Lane
n3638,31.636000,74.466000,37th Street & AM Lane
n3639,31.636000,74.473000,37th Street & AN Lane
n3700,31.642000,74.200000,38th Street & A Boulevard
n3701,31.642000,74.207000,38th Street & B Lane
n3702,31.642000,74.214000,38th Street & C Lane
n3703,31.642000,74.221000,38th Street & D Lane
n3704,31.642000,74.228000,38th Street & E Lane
n3705,31.642000,74.235000,38th Street & F Boulevard
n3706,31.642000,74.242000,38th Street & G Lane
n3707,31.642000,74.249000,38th Street & H Lane
n3708,31.642000,74.256000,38th Street & I Lane
n3709,31.642000,74.263000,38th Street & J Lane
n3710,31.642000,74.270000,38th Street & K Boulevard
n3711,31.642000,74.277000,38th Street & L Lane
n3712,31.642000,74.284000,38th Street & M Lane
n3713,31.642000,74.291000,38th Street & N Lane
n3714,31.642000,74.298000,38th Street & O Lane
n3715,31.642000,74.305000,38th Street & P Boulevard
n3716,31.642000,74.312000,38th Street & Q Lane
n3717,31.642000,74.319000,38th Street & R Lane
n3718,31.642000,74.326000,38th Street & S Lane
n3719,31.642000,74.333000,38th Street & T Lane
n3720,31.642000,74.340000,38th Street & U Boulevard
n3721,31.642000,74.347000,38th Street & V Lane
n3722,31.642000,74.354000,38th Street & W Lane
n3723,31.642000,74.361000,38th Street & X Lane
n3724,31.642000,74.368000,38th Street & Y Lane
n3725,31.642000,74.375000,38th Street & Z Boulevard
n3726,31.642000,74.382000,38th Street & AA Lane
n3727,31.642000,74.389000,38th Street & AB Lane
n3728,31.642000,74.396000,38th Street & AC Lane
n3729,31.642000,74.403000,38th Street & AD Lane
n3730,31.642000,74.410000,38th Street & AE Boulevard
n3731,31.642000,74.417000,38th Street & AF Lane
n3732,31.642000,74.424000,38th Street & AG Lane
n3733,31.642000,74.431000,38th Street & AH Lane
n3734,31.642000,74.438000,38th Street & AI Lane
n3735,31.642000,74.445000,38th Street & AJ Boulevard
n3736,31.642000,74.452000,38th Street & AK Lane
n3737,31.642000,74.459000,38th Street & AL Lane
n3738,31.642000,74.466000,38th Street & AM Lane
n3739,31.642000,74.473000,38th Street & AN Lane
n3800,31.648000,74.200000,39th Street & A Boulevard
n3801,31.648000,74.207000,39th Street & B Lane
n3802,31.648000,74.214000,39th Street & C Lane
n3803,31.648000,74.221000,39th Street & D Lane
n3804,31.648000,74.228000,39th Street & E Lane
n3805,31.648000,74.235000,39th Street & F Boulevard
n3806,31.648000,74.242000,39th Street & G Lane
n3807,31.648000,74.249000,39th Street & H Lane
n3808,31.648000,74.256000,39th Street & I Lane
n3809,31.648000,74.263000,39th Street & J Lane
n3810,31.648000,74.270000,39th Street & K Boulevard
n3811,31.648000,74.277000,39th Street & L Lane
n3812,31.648000,74.284000,39th Street & M Lane
n3813,31.648000,74.291000,39th Street & N Lane
n3814,31.648000,74.298000,39th Street & O Lane
n3815,31.648000,74.305000,39th Street & P Boulevard
n3816,31.648000,74.312000,39th Street & Q Lane
n3817,31.648000,74.319000,39th Street & R Lane
n3818,31.648000,74.326000,39th Street & S Lane
n3819,31.648000,74.333000,39th Street & T Lane
n3820,31.648000,74.340000,39th Street & U Boulevard
n3821,31.648000,74.347000,39th Street & V Lane
n3822,31.648000,74.354000,39th Street & W Lane
n3823,31.648000,74.361000,39th Street & X Lane
n3824,31.648000,74.368000,39th Street & Y Lane
n3825,31.648000,74.375000,39th Street & Z Boulevard
n3826,31.648000,74.382000,39th Street & AA Lane
n3827,31.648000,74.389000,39th Street & AB Lane
n3828,31.648000,74.396000,39th Street & AC Lane
n3829,31.648000,74.403000,39th Street & AD Lane
n3830,31.648000,74.410000,39th Street & AE Boulevard
n3831,31.648000,74.417000,39th Street & AF Lane
n3832,31.648000,74.424000,39th Street & AG Lane
n3833,31.648000,74.431000,39th Street & AH Lane
n3834,31.648000,74.438000,39th Street & AI Lane
n3835,31.648000,74.445000,39th Street & AJ Boulevard
n3836,31.648000,74.452000,39th Street & AK Lane
n3837,31.648000,74.459000,39th Street & AL Lane
n3838,31.648000,74.466000,39th Street & AM Lane
n3839,31.648000,74.473000,39th Street & AN Lane
n3900,31.654000,74.200000,40th Street & A Boulevard
n3901,31.654000,74.207000,40th Street & B Lane
n3902,31.654000,74.214000,40th Street & C Lane
n3903,31.654000,74.221000,40th Street & D Lane
n3904,31.654000,74.228000,40th Street & E Lane
n3905,31.654000,74.235000,40th Street & F Boulevard
n3906,31.654000,74.242000,40th Street & G Lane
n3907,31.654000,74.249000,40th Street & H Lane
n3908,31.654000,74.256000,40th Street & I Lane
n3909,31.654000,74.263000,40th Street & J Lane
n3910,31.654000,74.270000,40th Street & K Boulevard
n3911,31.654000,74.277000,40th Street & L Lane
n3912,31.654000,74.284000,40th Street & M Lane
n3913,31.654000,74.291000,40th Street & N Lane
n3914,31.654000,74.298000,40th Street & O Lane
n3915,31.654000,74.305000,40th Street & P Boulevard
n3916,31.654000,74.312000,40th Street & Q Lane
n3917,31.654000,74.319000,40th Street & R Lane
n3918,31.654000,74.326000,40th Street & S Lane
n3919,31.654000,74.333000,40th Street & T Lane
n3920,31.654000,74.340000,40th Street & U Boulevard
n3921,31.654000,74.347000,40th Street & V Lane
n3922,31.654000,74.354000,40th Street & W Lane
n3923,31.654000,74.361000,40th Street & X Lane
n3924,31.654000,74.368000,40th Street & Y Lane
n3925,31.654000,74.375000,40th Street & Z Boulevard
n3926,31.654000,74.382000,40th Street & AA Lane
n3927,31.654000,74.389000,40th Street & AB Lane
n3928,31.654000,74.396000,40th Street & AC Lane
n3929,31.654000,74.403000,40th Street & AD Lane
n3930,31.654000,74.410000,40th Street & AE Boulevard
n3931,31.654000,74.417000,40th Street & AF Lane
n3932,31.654000,74.424000,40th Street & AG Lane
n3933,31.654000,74.431000,40th Street & AH Lane
n3934,31.654000,74.438000,40th Street & AI Lane
n3935,31.654000,74.445000,40th Street & AJ Boulevard
n3936,31.654000,74.452000,40th Street & AK Lane
n3937,31.654000,74.459000,40th Street & AL Lane
n3938,31.654000,74.466000,40th Street & AM Lane
n3939,31.654000,74.473000,40th Street & AN Lane
